{
    "Date": "2024-06-26 07:32:31",
    "Input": {
        "epochs_requested": 15,
        "samples_per_class": 0,
        "with_test": 1,
        "random_state": 42,
        "Dataset_size": {
            "Train": 420,
            "Val": 81,
            "Test": 1350
        }
    },
    "Text": {
        "best_epoch": 12,
        "f1": 0.8961896300315857,
        "accuracy": 0.9952380657196045
    },
    "VGG16": {
        "best_epoch": 7,
        "f1": 0.7859147191047668,
        "accuracy": 0.6499999761581421
    },
    "Concatenate": {
        "weight": [
            0.8200000000000001,
            0.17999999999999994
        ],
        "Train": {
            "f1": 0.9928308392978132,
            "accuracy": 0.9928571428571429,
            "duration": 250,
            "size": 420
        },
        "Test": {
            "f1": 0.8488863698860509,
            "accuracy": 0.8481481481481481,
            "duration": 128,
            "size": 1350
        }
    }
}