{
    "Date": "2024-06-01 06:48:46",
    "Input": {
        "epochs_requested": 10,
        "samples_per_class": 0,
        "with_test": 1,
        "random_state": 42,
        "Dataset_size": {
            "Train": 67921,
            "Val": 15633,
            "Test": 1362
        }
    },
    "Text": {
        "best_epoch": 4,
        "f1": 0.8590362071990967,
        "accuracy": 0.9703478813171387
    },
    "VGG16": {
        "best_epoch": 6,
        "f1": 0.6926082372665405,
        "accuracy": 0.5715169310569763
    },
    "Concatenate": {
        "weight": [
            0.905,
            0.09499999999999997
        ],
        "Train": {
            "f1": 0.8822982473274769,
            "accuracy": 0.882962962962963,
            "duration": 31335,
            "size": 1350
        },
        "Test": {
            "f1": 0.8079567658997554,
            "accuracy": 0.8039647577092511,
            "duration": 124,
            "size": 1362
        }
    }
}