{
    "Date": "2024-06-26 09:51:50",
    "Input": {
        "epochs_requested": 50,
        "samples_per_class": 0,
        "with_test": 1,
        "random_state": 42,
        "Dataset_size": {
            "Train": 420,
            "Val": 81,
            "Test": 1350
        }
    },
    "Text": {
        "best_epoch": 7,
        "f1": 0.7505849003791809,
        "accuracy": 0.9785714149475098
    },
    "VGG16": {
        "best_epoch": 9,
        "f1": 0.7283710837364197,
        "accuracy": 0.6357142925262451
    },
    "Concatenate": {
        "weight": [
            0.99,
            0.010000000000000009
        ],
        "Train": {
            "f1": 0.9563304728630986,
            "accuracy": 0.9571428571428572,
            "duration": 293,
            "size": 420
        },
        "Test": {
            "f1": 0.853607406222791,
            "accuracy": 0.8525925925925926,
            "duration": 129,
            "size": 1350
        }
    }
}