{
    "Date": "2024-06-26 08:45:16",
    "Input": {
        "epochs_requested": 50,
        "samples_per_class": 0,
        "with_test": 1,
        "random_state": 42,
        "Dataset_size": {
            "Train": 370,
            "Val": 81,
            "Test": 1350
        }
    },
    "Text": {
        "best_epoch": 8,
        "f1": 0.7998473048210144,
        "accuracy": 0.9837837815284729
    },
    "VGG16": {
        "best_epoch": 6,
        "f1": 0.7615782618522644,
        "accuracy": 0.6324324607849121
    },
    "Concatenate": {
        "weight": [
            0.74,
            0.26
        ],
        "Train": {
            "f1": 0.9677896427045316,
            "accuracy": 0.9675675675675676,
            "duration": 205,
            "size": 370
        },
        "Test": {
            "f1": 0.8568747564713658,
            "accuracy": 0.8585185185185186,
            "duration": 130,
            "size": 1350
        }
    }
}