{
    "Date": "2024-06-03 21:18:43",
    "Input": {
        "epochs_requested": 50,
        "samples_per_class": 0,
        "with_test": 1,
        "random_state": 42,
        "Dataset_size": {
            "Train": 320,
            "Val": 81,
            "Test": 1350
        }
    },
    "Text": {
        "best_epoch": 9,
        "f1": 0.8505069017410278,
        "accuracy": 0.9937499761581421
    },
    "VGG16": {
        "best_epoch": 6,
        "f1": 0.7380143404006958,
        "accuracy": 0.653124988079071
    },
    "Concatenate": {
        "weight": [
            0.67,
            0.32999999999999996
        ],
        "Train": {
            "f1": 0.9810963942631858,
            "accuracy": 0.98125,
            "duration": 207,
            "size": 320
        },
        "Test": {
            "f1": 0.8332645038084027,
            "accuracy": 0.8325925925925926,
            "duration": 144,
            "size": 1350
        }
    }
}