{
    "Date": "2024-06-01 10:36:22",
    "Input": {
        "epochs_requested": 30,
        "samples_per_class": 0,
        "with_test": 1,
        "random_state": 42,
        "Dataset_size": {
            "Train": 97,
            "Val": 111,
            "Test": 1350
        }
    },
    "Text": {
        "best_epoch": 30,
        "f1": 0.06582335382699966,
        "accuracy": 0.8453608155250549
    },
    "VGG16": {
        "best_epoch": 25,
        "f1": 0.05782588943839073,
        "accuracy": 0.5051546096801758
    },
    "Concatenate": {
        "weight": [
            0.7,
            0.30000000000000004
        ],
        "Train": {
            "f1": 0.8350493721627742,
            "accuracy": 0.8556701030927835,
            "duration": 764,
            "size": 97
        },
        "Test": {
            "f1": 0.7132460822142459,
            "accuracy": 0.7496296296296296,
            "duration": 148,
            "size": 1350
        }
    }
}