{
    "Date": "2024-05-21 13:54:15",
    "Input": {
        "epochs_requested": 1,
        "samples_per_class": 5,
        "with_test": 1,
        "random_state": 42,
        "Dataset_size": {
            "Train": 135,
            "Val": 81,
            "Test": 1350
        }
    },
    "Text": {
        "best_epoch": 1,
        "f1": 0.8420335650444031,
        "accuracy": 0.8592592477798462
    },
    "VGG16": {
        "best_epoch": 1,
        "f1": 0.7919324040412903,
        "accuracy": 0.5259259343147278
    },
    "Concatenate": {
        "weight": [
            0.65,
            0.35
        ],
        "Train": {
            "f1": 0.916292555181444,
            "accuracy": 0.9185185185185185,
            "duration": 893,
            "size": 135
        },
        "Test": {
            "f1": 0.8649326189283907,
            "accuracy": 0.8651851851851852,
            "duration": 206,
            "size": 1350
        }
    }
}