{
    "Date": "2024-06-03 05:18:38",
    "Input": {
        "epochs_requested": 35,
        "samples_per_class": 0,
        "with_test": 1,
        "random_state": 42,
        "Dataset_size": {
            "Train": 185,
            "Val": 81,
            "Test": 1350
        }
    },
    "Text": {
        "best_epoch": 9,
        "f1": 0.7704892158508301,
        "accuracy": 0.9891892075538635
    },
    "VGG16": {
        "best_epoch": 5,
        "f1": 0.6878231167793274,
        "accuracy": 0.6540540456771851
    },
    "Concatenate": {
        "weight": [
            0.745,
            0.255
        ],
        "Train": {
            "f1": 0.9614977185720219,
            "accuracy": 0.9621621621621622,
            "duration": 264,
            "size": 185
        },
        "Test": {
            "f1": 0.8338644036988122,
            "accuracy": 0.8333333333333334,
            "duration": 126,
            "size": 1350
        }
    }
}