{
    "Date": "2024-05-22 02:31:32",
    "Input": {
        "epochs_requested": 10,
        "samples_per_class": 0,
        "with_test": 1,
        "random_state": 42,
        "Dataset_size": {
            "Train": 67921,
            "Val": 15633,
            "Test": 1362
        }
    },
    "Text": {
        "best_epoch": 4,
        "f1": 0.8718,
        "accuracy": 0.7995
    },
    "VGG16": {
        "best_epoch": 6,
        "f1": 0.6975,
        "accuracy": 0.5433
    },
    "Concatenate": {
        "weight": [
            0.79,
            0.20999999999999996
        ],
        "Train": {
            "f1": 0.8760454452901333,
            "accuracy": 0.8770370370370371,
            "duration": 26751,
            "size": 1350
        },
        "Test": {
            "f1": 0.8029585284381472,
            "accuracy": 0.801762114537445,
            "duration": 120,
            "size": 1362
        }
    }
}