{
    "Date": "2024-05-14 22:45:02",
    "Input": {
        "epochs_requested": 1,
        "samples_per_class": 10,
        "with_test": 1,
        "random_state": 42,
        "Dataset_size": {
            "Train": 270,
            "Val": 81,
            "Test": 1350
        }
    },
    "Text": {
        "best_epoch": 1,
        "f1": 0.8940752744674683,
        "accuracy": 0.8740741014480591
    },
    "VGG16": {
        "best_epoch": 1,
        "f1": 0.8091439604759216,
        "accuracy": 0.5111111402511597
    },
    "Concatenate": {
        "weight": [
            0.84,
            0.16000000000000003
        ],
        "Train": {
            "f1": 0.9555426163613298,
            "accuracy": 0.9555555555555556,
            "duration": 1751,
            "size": 270
        },
        "Test": {
            "f1": 0.8762242674144247,
            "accuracy": 0.8762962962962964,
            "duration": 548,
            "size": 1350
        }
    }
}