{
    "Date": "2024-05-31 16:56:07",
    "Input": {
        "epochs_requested": 25,
        "samples_per_class": 0,
        "with_test": 1,
        "random_state": 42,
        "Dataset_size": {
            "Train": 52,
            "Val": 106,
            "Test": 675
        }
    },
    "Text": {
        "best_epoch": 25,
        "f1": 0.0,
        "accuracy": 0.8461538553237915
    },
    "VGG16": {
        "best_epoch": 15,
        "f1": 0.0,
        "accuracy": 0.5384615659713745
    },
    "Concatenate": {
        "weight": [
            0.6,
            0.4
        ],
        "Train": {
            "f1": 0.8244505494505494,
            "accuracy": 0.8653846153846154,
            "duration": 652,
            "size": 52
        },
        "Test": {
            "f1": 0.599209942710189,
            "accuracy": 0.6459259259259259,
            "duration": 67,
            "size": 675
        }
    }
}